,Student Roll Number,Student Name,Allocated Course 1,Allocated Course 2,Allocated Course 3,Allocated Course 4,Allocated Course 5,Allocated Course 6
0,171100740,Kishen,HS 111,HS 305,,,,
1,171100741,Kishen,HS 305,HS 491-II,,,,
2,171100742,Kishen,HS 111,HS 305,,,,
3,171100743,Kishen,HS 108,HS 491-II,,,,
4,171100744,Kishen,HS 305,HS 491-II,,,,
5,171101400,Rushil Shah,HS 104,IN 304,,,,
6,171101401,Rushil Shah,HS 104,HS 510,,,,
7,171101402,Rushil Shah,HS 104,IN 304,,,,
8,171101403,Rushil Shah,HS 104,HS 519,,,,
9,171101404,Rushil Shah,HS 111,IN 304,,,,
10,172100690,Dilip Sundaram,HS 104,HS 507,,,,
11,172100691,Dilip Sundaram,HS 104,HS 507,,,,
12,172100692,Dilip Sundaram,HS 518,HS 510,,,,
13,172100693,Dilip Sundaram,HS 610,HS 518,,,,
14,172100694,Dilip Sundaram,HS 104,HS 510,,,,
15,171101430,Shantanu Jana,MS 491,MS 492,HS 491-II,,,
16,171101431,Shantanu Jana,MS 491,HS 510,HS 515,,,
17,171101432,Shantanu Jana,MS 491,MS 492,HS 491-II,,,
18,171101433,Shantanu Jana,MS 491,HS 519,,,,
19,171101434,Shantanu Jana,MS 491,HS 411,,,,
20,191100440,Xhitij Choudhary,HS 111,,,,,
21,191100441,Xhitij Choudhary,HS 111,,,,,
22,191100442,Xhitij Choudhary,HS 111,,,,,
23,191100443,Xhitij Choudhary,HS 111,,,,,
24,191100444,Xhitij Choudhary,HS 111,,,,,
25,191101160,Aadesh Desai,HS 111,HS 491-I,,,,
26,191101161,Aadesh Desai,HS 108,HS 507,,,,
27,191101162,Aadesh Desai,HS 108,HS 507,,,,
28,191101163,Aadesh Desai,HS 111,HS 507,,,,
29,191101164,Aadesh Desai,HS 108,HS 491-III,,,,
30,181101270,Praveen Venkatesh,HS 313,,,,,
31,181101271,Praveen Venkatesh,HS 313,,,,,
32,181101272,Praveen Venkatesh,HS 313,,,,,
33,181101273,Praveen Venkatesh,HS 313,,,,,
34,181101274,Praveen Venkatesh,HS 313,,,,,
35,202500310,Ankita Mohanty,HS 691-I,,,,,
36,202500311,Ankita Mohanty,HS 108,,,,,
37,202500312,Ankita Mohanty,HS 108,,,,,
38,202500313,Ankita Mohanty,HS 691-II,,,,,
39,202500314,Ankita Mohanty,HS 108,,,,,
40,181101720,tanmay sharma,HS 112,,,,,
41,181101721,tanmay sharma,HS 518,,,,,
42,181101722,tanmay sharma,MS 403,,,,,
43,181101723,tanmay sharma,HS 112,,,,,
44,181101724,tanmay sharma,HS 691-II,,,,,
45,181100620,Harsh Patel,MS 304,HS 507,,,,
46,181100621,Harsh Patel,HS 391,IN 304,,,,
47,181100622,Harsh Patel,HS 391,HS 327,,,,
48,181100623,Harsh Patel,MS 304,HS 491-III,,,,
49,181100624,Harsh Patel,MS 304,HS 518,,,,
50,203100270,Mayank Dotiyal,HS 108,,,,,
51,203100271,Mayank Dotiyal,MS 403,,,,,
52,203100272,Mayank Dotiyal,HS 108,,,,,
53,203100273,Mayank Dotiyal,HS 108,,,,,
54,203100274,Mayank Dotiyal,HS 108,,,,,
55,191100120,Dhruv Darda,HS 211,,,,,
56,191100121,Dhruv Darda,HS 211,,,,,
57,191100122,Dhruv Darda,HS 211,,,,,
58,191100123,Dhruv Darda,HS 211,,,,,
59,191100124,Dhruv Darda,HS 211,,,,,
60,205100120,Madhumita,HS 305,,,,,
61,205100121,Madhumita,HS 305,,,,,
62,205100122,Madhumita,HS 305,,,,,
63,205100123,Madhumita,HS 305,,,,,
64,205100124,Madhumita,HS 305,,,,,
65,181100700,Jay Ashish Shah,HS 111,HS 327,,,,
66,181100701,Jay Ashish Shah,HS 111,HS 510,,,,
67,181100702,Jay Ashish Shah,HS 111,HS 510,,,,
68,181100703,Jay Ashish Shah,HS 111,IN 304,,,,
69,181100704,Jay Ashish Shah,HS 518,HS 507,,,,
70,181100900,Kuntal Patel ,HS 211,HS 519,,,,
71,181100901,Kuntal Patel ,HS 211,HS 491-III,,,,
72,181100902,Kuntal Patel ,HS 211,HS 327,,,,
73,181100903,Kuntal Patel ,MS 304,IN 304,,,,
74,181100904,Kuntal Patel ,HS 211,HS 491-III,,,,
75,205200120,Nidhi M Shastri,HS 610,HS 691-III,HS 491-II,,,
76,205200121,Nidhi M Shastri,HS 610,HS 691-III,,,,
77,205200122,Nidhi M Shastri,HS 610,HS 691-III,,,,
78,205200123,Nidhi M Shastri,HS 610,HS 691-III,,,,
79,205200124,Nidhi M Shastri,HS 610,HS 691-III,,,,
80,191100830,G B Harsha Vardhan 19110083,HS 425,,,,,
81,191100831,G B Harsha Vardhan 19110083,HS 425,,,,,
82,191100832,G B Harsha Vardhan 19110083,HS 425,,,,,
83,191100833,G B Harsha Vardhan 19110083,HS 425,,,,,
84,191100834,G B Harsha Vardhan 19110083,HS 425,,,,,
85,202500400,AmayGupta,HS 691-I,,,,,
86,202500401,AmayGupta,HS 112,,,,,
87,202500402,AmayGupta,HS 610,,,,,
88,202500403,AmayGupta,MS 403,,,,,
89,202500404,AmayGupta,HS 518,,,,,
90,181100470,Dhananjay Singh,HS 691-I,,,,,
91,181100471,Dhananjay Singh,HS 104,,,,,
92,181100472,Dhananjay Singh,HS 518,,,,,
93,181100473,Dhananjay Singh,HS 104,,,,,
94,181100474,Dhananjay Singh,HS 104,,,,,
95,171101630,Utkarsh Gangwal,HS 305,HS 510,HS 491-II,,,
96,171101631,Utkarsh Gangwal,HS 305,HS 411,,,,
97,171101632,Utkarsh Gangwal,HS 108,HS 645,HS 491-II,,,
98,171101633,Utkarsh Gangwal,HS 108,HS 305,,,,
99,171101634,Utkarsh Gangwal,HS 108,HS 305,HS 491-II,,,
100,181101620,Shril mody,HS 691-III,HS 507,,,,
101,181101621,Shril mody,HS 691-III,HS 512,,,,
102,181101622,Shril mody,HS 691-III,HS 512,,,,
103,181101623,Shril mody,HS 691-III,HS 327,,,,
104,181101624,Shril mody,HS 691-III,HS 327,,,,
105,171100410,Debarya Das,HS 111,HS 411,,,,
106,171100411,Debarya Das,HS 111,HS 512,,,,
107,171100412,Debarya Das,HS 111,IN 304,,,,
108,171100413,Debarya Das,HS 111,HS 327,,,,
109,171100414,Debarya Das,HS 111,IN 304,,,,
110,181100840,Shruti Katpara,HS 391,,,,,
111,181100841,Shruti Katpara,HS 391,,,,,
112,181100842,Shruti Katpara,HS 391,,,,,
113,181100843,Shruti Katpara,MS 403,,,,,
114,181100844,Shruti Katpara,HS 391,,,,,
115,205100020,Aarthi M,HS 313,,,,,
116,205100021,Aarthi M,HS 313,,,,,
117,205100022,Aarthi M,HS 313,,,,,
118,205100023,Aarthi M,HS 313,,,,,
119,205100024,Aarthi M,HS 313,,,,,
120,202500070,Ratnika Gupta,HS 510,,,,,
121,202500071,Ratnika Gupta,HS 510,,,,,
122,202500072,Ratnika Gupta,HS 211,,,,,
123,202500073,Ratnika Gupta,HS 510,,,,,
124,202500074,Ratnika Gupta,HS 510,,,,,
125,205100650,Maheshwari Dhiren Ramji ,HS 211,,,,,
126,205100651,Maheshwari Dhiren Ramji ,HS 691-I,,,,,
127,205100652,Maheshwari Dhiren Ramji ,HS 211,,,,,
128,205100653,Maheshwari Dhiren Ramji ,HS 211,,,,,
129,205100654,Maheshwari Dhiren Ramji ,HS 211,,,,,
130,181101740,Devanshu,HS 104,,,,,
131,181101741,Devanshu,HS 104,,,,,
132,181101742,Devanshu,HS 104,,,,,
133,181101743,Devanshu,HS 691-I,,,,,
134,181101744,Devanshu,HS 104,,,,,
135,192500150,Devesh Kumar,HS 610,,,,,
136,192500151,Devesh Kumar,HS 691-II,,,,,
137,192500152,Devesh Kumar,HS 112,,,,,
138,192500153,Devesh Kumar,MS 304,,,,,
139,192500154,Devesh Kumar,HS 112,,,,,
140,181100710,Jaydeep Ramnani,MS 304,HS 512,,,,
141,181100711,Jaydeep Ramnani,MS 304,HS 645,,,,
142,181100712,Jaydeep Ramnani,MS 304,HS 411,,,,
143,181100713,Jaydeep Ramnani,MS 304,HS 327,,,,
144,181100714,Jaydeep Ramnani,MS 304,HS 510,,,,
145,181100350,Pratyush Bhatt,HS 223,,,,,
146,181100351,Pratyush Bhatt,HS 223,,,,,
147,181100352,Pratyush Bhatt,HS 223,,,,,
148,181100353,Pratyush Bhatt,HS 223,,,,,
149,181100354,Pratyush Bhatt,HS 223,,,,,
150,191100040,Akshay Chourasiya,MS 304,,,,,
151,191100041,Akshay Chourasiya,MS 304,,,,,
152,191100042,Akshay Chourasiya,MS 304,,,,,
153,191100043,Akshay Chourasiya,MS 304,,,,,
154,191100044,Akshay Chourasiya,MS 304,,,,,
155,181100270,Ashish Kishor Chavan,HS 691-III,HS 512,,,,
156,181100271,Ashish Kishor Chavan,HS 691-III,HS 512,,,,
157,181100272,Ashish Kishor Chavan,HS 691-III,HS 507,,,,
158,181100273,Ashish Kishor Chavan,HS 391,HS 691-III,,,,
159,181100274,Ashish Kishor Chavan,HS 391,HS 691-III,,,,
160,202500380,Kausadikar Varad Prashant,HS 104,,,,,
161,202500381,Kausadikar Varad Prashant,HS 104,,,,,
162,202500382,Kausadikar Varad Prashant,HS 425,,,,,
163,202500383,Kausadikar Varad Prashant,HS 104,,,,,
164,202500384,Kausadikar Varad Prashant,HS 104,,,,,
165,181100790,Kalyan Reddy S ,HS 313,HS 327,,,,
166,181100791,Kalyan Reddy S ,HS 313,HS 327,,,,
167,181100792,Kalyan Reddy S ,HS 313,HS 327,,,,
168,181100793,Kalyan Reddy S ,HS 313,HS 327,,,,
169,181100794,Kalyan Reddy S ,HS 313,HS 327,,,,
170,191100300,Revant Shah,HS 512,,,,,
171,191100301,Revant Shah,HS 512,,,,,
172,191100302,Revant Shah,HS 512,,,,,
173,191100303,Revant Shah,HS 512,,,,,
174,191100304,Revant Shah,HS 512,,,,,
175,205101180,Vinay Kumar Rana,HS 108,,,,,
176,205101181,Vinay Kumar Rana,HS 610,,,,,
177,205101182,Vinay Kumar Rana,HS 108,,,,,
178,205101183,Vinay Kumar Rana,HS 108,,,,,
179,205101184,Vinay Kumar Rana,MS 403,,,,,
180,181101540,Jay Shah,MS 492,HS 327,,,,
181,181101541,Jay Shah,MS 492,HS 327,,,,
182,181101542,Jay Shah,HS 108,MS 492,,,,
183,181101543,Jay Shah,MS 492,HS 327,,,,
184,181101544,Jay Shah,MS 492,HS 327,,,,
185,181100680,Dhyey Jani,HS 108,HS 327,,,,
186,181100681,Dhyey Jani,HS 108,HS 327,,,,
187,181100682,Dhyey Jani,HS 108,HS 327,,,,
188,181100683,Dhyey Jani,HS 327,IN 304,,,,
189,181100684,Dhyey Jani,HS 327,IN 304,,,,
190,181100890,Kumar Ayush Paramhans,HS 108,HS 327,,,,
191,181100891,Kumar Ayush Paramhans,HS 108,HS 327,,,,
192,181100892,Kumar Ayush Paramhans,HS 327,HS 305,,,,
193,181100893,Kumar Ayush Paramhans,HS 108,HS 327,,,,
194,181100894,Kumar Ayush Paramhans,HS 108,HS 327,,,,
195,191101330,Sakshi Jagtap,HS 691-III,,,,,
196,191101331,Sakshi Jagtap,HS 691-III,,,,,
197,191101332,Sakshi Jagtap,HS 691-III,,,,,
198,191101333,Sakshi Jagtap,HS 691-III,,,,,
199,191101334,Sakshi Jagtap,HS 691-III,,,,,
200,181101230,Prankush Agarwal,MS 403,HS 305,,,,
201,181101231,Prankush Agarwal,MS 403,HS 305,,,,
202,181101232,Prankush Agarwal,MS 403,HS 327,,,,
203,181101233,Prankush Agarwal,MS 403,HS 519,,,,
204,181101234,Prankush Agarwal,MS 403,HS 305,,,,
205,181100260,Arpita Kabra,HS 391,,,,,
206,181100261,Arpita Kabra,HS 391,,,,,
207,181100262,Arpita Kabra,HS 391,,,,,
208,181100263,Arpita Kabra,HS 391,,,,,
209,181100264,Arpita Kabra,HS 391,,,,,
210,191101220,Koushik Chandra Chenna ,HS 515,,,,,
211,191101221,Koushik Chandra Chenna ,HS 515,,,,,
212,191101222,Koushik Chandra Chenna ,HS 515,,,,,
213,191101223,Koushik Chandra Chenna ,HS 515,,,,,
214,191101224,Koushik Chandra Chenna ,HS 515,,,,,
215,181100050,Abhinav Meena,MS 491,HS 510,,,,
216,181100051,Abhinav Meena,MS 491,HS 510,HS 515,,,
217,181100052,Abhinav Meena,MS 491,HS 510,,,,
218,181100053,Abhinav Meena,MS 491,HS 510,HS 491-II,,,
219,181100054,Abhinav Meena,MS 491,HS 510,HS 515,,,
220,181101480,Sachin Yadav,HS 313,,,,,
221,181101481,Sachin Yadav,HS 313,,,,,
222,181101482,Sachin Yadav,HS 313,,,,,
223,181101483,Sachin Yadav,HS 313,,,,,
224,181101484,Sachin Yadav,HS 313,,,,,
225,191101080,Achal Kanojia,HS 112,,,,,
226,191101081,Achal Kanojia,HS 112,,,,,
227,191101082,Achal Kanojia,HS 691-I,,,,,
228,191101083,Achal Kanojia,HS 691-I,,,,,
229,191101084,Achal Kanojia,MS 304,,,,,
230,191100410,Arushi Arnav ,HS 391,,,,,
231,191100411,Arushi Arnav ,HS 391,,,,,
232,191100412,Arushi Arnav ,HS 391,,,,,
233,191100413,Arushi Arnav ,HS 391,,,,,
234,191100414,Arushi Arnav ,HS 391,,,,,
235,182500140,J Sujatha,HS 610,HS 507,,,,
236,182500141,J Sujatha,HS 104,HS 491-I,,,,
237,182500142,J Sujatha,HS 104,HS 507,,,,
238,182500143,J Sujatha,HS 104,HS 645,,,,
239,182500144,J Sujatha,HS 223,HS 327,,,,
240,171101750,Vyom Mudgal ,MS 491-I,HS 519,,,,
241,171101751,Vyom Mudgal ,MS 491-I,HS 645,,,,
242,171101752,Vyom Mudgal ,MS 492,HS 491-I,,,,
243,171101753,Vyom Mudgal ,MS 491-I,IN 304,,,,
244,171101754,Vyom Mudgal ,MS 491-I,MS 492,,,,
245,202500300,Anjani Gente,HS 411,,,,,
246,202500301,Anjani Gente,HS 411,,,,,
247,202500302,Anjani Gente,HS 411,,,,,
248,202500303,Anjani Gente,HS 411,,,,,
249,202500304,Anjani Gente,HS 411,,,,,
250,202500220,Hiren Solanki,HS 691-II,,,,,
251,202500221,Hiren Solanki,HS 691-II,,,,,
252,202500222,Hiren Solanki,HS 691-II,,,,,
253,202500223,Hiren Solanki,HS 691-II,,,,,
254,202500224,Hiren Solanki,HS 691-II,,,,,
255,191101150,Deepak Singh,HS 425,,,,,
256,191101151,Deepak Singh,HS 425,,,,,
257,191101152,Deepak Singh,HS 425,,,,,
258,191101153,Deepak Singh,HS 425,,,,,
259,191101154,Deepak Singh,HS 425,,,,,
260,205101010,Pankaj,HS 518,,,,,
261,205101011,Pankaj,HS 691-II,,,,,
262,205101012,Pankaj,HS 691-I,,,,,
263,205101013,Pankaj,MS 403,,,,,
264,205101014,Pankaj,HS 108,,,,,
265,181100420,Parth Prakash Daga,HS 313,HS 518,,,,
266,181100421,Parth Prakash Daga,HS 313,HS 645,,,,
267,181100422,Parth Prakash Daga,HS 313,HS 491-III,,,,
268,181100423,Parth Prakash Daga,HS 313,HS 645,,,,
269,181100424,Parth Prakash Daga,HS 313,HS 411,,,,
270,181100240,Arpit Kaushal,HS 223,,,,,
271,181100241,Arpit Kaushal,HS 223,,,,,
272,181100242,Arpit Kaushal,HS 223,,,,,
273,181100243,Arpit Kaushal,HS 223,,,,,
274,181100244,Arpit Kaushal,HS 223,,,,,
275,205200010,Akhila K,HS 519,,,,,
276,205200011,Akhila K,HS 519,,,,,
277,205200012,Akhila K,HS 519,,,,,
278,205200013,Akhila K,HS 519,,,,,
279,205200014,Akhila K,HS 519,,,,,
280,205100140,Praneeta Taranekar,HS 691-III,,,,,
281,205100141,Praneeta Taranekar,HS 691-III,,,,,
282,205100142,Praneeta Taranekar,HS 691-III,,,,,
283,205100143,Praneeta Taranekar,HS 691-III,,,,,
284,205100144,Praneeta Taranekar,HS 691-III,,,,,
285,195200180,Khushboo Sahrawat,HS 491-III,HS 519,,,,
286,195200181,Khushboo Sahrawat,HS 491-III,HS 519,,,,
287,195200182,Khushboo Sahrawat,HS 491-III,HS 519,,,,
288,195200183,Khushboo Sahrawat,HS 491-III,HS 519,,,,
289,195200184,Khushboo Sahrawat,HS 491-III,HS 519,,,,
290,171100940,Rama Krishna Reddy,MS 491-I,HS 327,,,,
291,171100941,Rama Krishna Reddy,MS 491-I,MS 492,,,,
292,171100942,Rama Krishna Reddy,MS 491-I,MS 492,,,,
293,171100943,Rama Krishna Reddy,MS 492,HS 327,,,,
294,171100944,Rama Krishna Reddy,MS 492,HS 327,,,,
295,205100570,Deependra Dwivedi ,HS 112,,,,,
296,205100571,Deependra Dwivedi ,HS 691-II,,,,,
297,205100572,Deependra Dwivedi ,HS 691-I,,,,,
298,205100573,Deependra Dwivedi ,MS 304,,,,,
299,205100574,Deependra Dwivedi ,HS 610,,,,,
300,191100210,Pahuni Jain,MS 304,HS 491-I,,,,
301,191100211,Pahuni Jain,MS 304,HS 507,,,,
302,191100212,Pahuni Jain,MS 304,HS 327,,,,
303,191100213,Pahuni Jain,MS 304,IN 304,,,,
304,191100214,Pahuni Jain,MS 304,HS 512,,,,
305,181100010,Gokul Raman,MS 491-I,,,,,
306,181100011,Gokul Raman,MS 491-I,,,,,
307,181100012,Gokul Raman,MS 491-I,,,,,
308,181100013,Gokul Raman,MS 491-I,,,,,
309,181100014,Gokul Raman,MS 491-I,,,,,
310,181100920,Lavanya Naik,MS 491-I,HS 491-I,,,,
311,181100921,Lavanya Naik,MS 491-I,HS 491-I,,,,
312,181100922,Lavanya Naik,MS 491-I,HS 491-I,,,,
313,181100923,Lavanya Naik,MS 491-I,HS 491-I,,,,
314,181100924,Lavanya Naik,MS 491-I,HS 491-I,,,,
315,181101760,Udit Vyas,MS 492,HS 510,,,,
316,181101761,Udit Vyas,MS 492,HS 327,,,,
317,181101762,Udit Vyas,MS 492,HS 327,,,,
318,181101763,Udit Vyas,MS 492,HS 491-III,,,,
319,181101764,Udit Vyas,MS 492,HS 507,,,,
320,205700010,Hrushikesh Vinod Pawar,HS 211,,,,,
321,205700011,Hrushikesh Vinod Pawar,HS 211,,,,,
322,205700012,Hrushikesh Vinod Pawar,HS 211,,,,,
323,205700013,Hrushikesh Vinod Pawar,HS 211,,,,,
324,205700014,Hrushikesh Vinod Pawar,HS 211,,,,,
325,181100130,Ajinkya Pawar,MS 403,,,,,
326,181100131,Ajinkya Pawar,MS 403,,,,,
327,181100132,Ajinkya Pawar,MS 403,,,,,
328,181100133,Ajinkya Pawar,MS 403,,,,,
329,181100134,Ajinkya Pawar,MS 403,,,,,
330,205200210,Srikanth Palle,HS 411,MS 492,HS 515,,,
331,205200211,Srikanth Palle,HS 411,HS 515,,,,
332,205200212,Srikanth Palle,HS 411,HS 515,,,,
333,205200213,Srikanth Palle,HS 411,HS 515,,,,
334,205200214,Srikanth Palle,HS 411,MS 492,HS 515,,,
335,191101820,Insha Mansuri,HS 111,,,,,
336,191101821,Insha Mansuri,HS 111,,,,,
337,191101822,Insha Mansuri,HS 111,,,,,
338,191101823,Insha Mansuri,HS 111,,,,,
339,191101824,Insha Mansuri,HS 111,,,,,
340,205200070,Devanshi Saxena,HS 425,HS 510,,,,
341,205200071,Devanshi Saxena,HS 425,HS 510,,,,
342,205200072,Devanshi Saxena,HS 425,HS 510,HS 491-II,,,
343,205200073,Devanshi Saxena,HS 425,HS 510,HS 491-II,,,
344,205200074,Devanshi Saxena,HS 425,HS 510,,,,
345,181101310,Pushan Patel,MS 403,HS 411,,,,
346,181101311,Pushan Patel,MS 403,HS 491-III,,,,
347,181101312,Pushan Patel,MS 403,HS 507,,,,
348,181101313,Pushan Patel,MS 403,MS 492,,,,
349,181101314,Pushan Patel,MS 403,IN 304,,,,
350,181101520,Sanket Vadhvana,HS 313,,,,,
351,181101521,Sanket Vadhvana,HS 313,,,,,
352,181101522,Sanket Vadhvana,HS 313,,,,,
353,181101523,Sanket Vadhvana,HS 313,,,,,
354,181101524,Sanket Vadhvana,HS 313,,,,,
355,181100740,Jessica Satyarthi,HS 211,IN 304,HS 491-II,,,
356,181100741,Jessica Satyarthi,HS 211,IN 304,HS 491-II,,,
357,181100742,Jessica Satyarthi,HS 211,IN 304,HS 491-II,,,
358,181100743,Jessica Satyarthi,HS 211,IN 304,HS 491-II,,,
359,181100744,Jessica Satyarthi,HS 211,IN 304,HS 491-II,,,
360,202500190,K S Ashin Shanly,HS 691-I,,,,,
361,202500191,K S Ashin Shanly,HS 108,,,,,
362,202500192,K S Ashin Shanly,HS 108,,,,,
363,202500193,K S Ashin Shanly,HS 610,,,,,
364,202500194,K S Ashin Shanly,HS 610,,,,,
365,181100210,Anas Ali,HS 610,,,,,
366,181100211,Anas Ali,HS 518,,,,,
367,181100212,Anas Ali,HS 518,,,,,
368,181100213,Anas Ali,HS 112,,,,,
369,181100214,Anas Ali,HS 691-I,,,,,
370,191101240,Sai Ruthvik Reddy Mula,MS 403,,,,,
371,191101241,Sai Ruthvik Reddy Mula,MS 403,,,,,
372,191101242,Sai Ruthvik Reddy Mula,MS 403,,,,,
373,191101243,Sai Ruthvik Reddy Mula,MS 403,,,,,
374,191101244,Sai Ruthvik Reddy Mula,MS 403,,,,,
375,181101730,Tella Selva Sowmya Rani ,HS 491-I,,,,,
376,181101731,Tella Selva Sowmya Rani ,HS 491-I,,,,,
377,181101732,Tella Selva Sowmya Rani ,HS 491-I,,,,,
378,181101733,Tella Selva Sowmya Rani ,HS 491-I,,,,,
379,181101734,Tella Selva Sowmya Rani ,HS 491-I,,,,,
380,191100710,Abhigyan Martin Ninama,HS 691-III,,,,,
381,191100711,Abhigyan Martin Ninama,HS 691-III,,,,,
382,191100712,Abhigyan Martin Ninama,HS 691-III,,,,,
383,191100713,Abhigyan Martin Ninama,HS 691-III,,,,,
384,191100714,Abhigyan Martin Ninama,HS 691-III,,,,,
385,181100690,Janvi Thakkar,MS 491,HS 518,,,,
386,181100691,Janvi Thakkar,MS 491,HS 519,,,,
387,181100692,Janvi Thakkar,MS 491-I,MS 491,,,,
388,181100693,Janvi Thakkar,MS 491,HS 519,,,,
389,181100694,Janvi Thakkar,MS 491-I,HS 519,,,,
390,202100060,Gunjankumar Makwana,MS 491,,,,,
391,202100061,Gunjankumar Makwana,MS 491,,,,,
392,202100062,Gunjankumar Makwana,MS 491,,,,,
393,202100063,Gunjankumar Makwana,MS 491,,,,,
394,202100064,Gunjankumar Makwana,MS 491,,,,,
395,205100980,MEENU S A,HS 104,,,,,
396,205100981,MEENU S A,HS 104,,,,,
397,205100982,MEENU S A,HS 645,,,,,
398,205100983,MEENU S A,HS 104,,,,,
399,205100984,MEENU S A,HS 104,,,,,
400,191100580,Raavi Patel,MS 304,IN 304,,,,
401,191100581,Raavi Patel,MS 304,HS 512,,,,
402,191100582,Raavi Patel,MS 304,HS 519,,,,
403,191100583,Raavi Patel,MS 304,HS 510,,,,
404,191100584,Raavi Patel,MS 304,MS 492,,,,
405,181101040,Nikhil,MS 491-I,,,,,
406,181101041,Nikhil,MS 491-I,,,,,
407,181101042,Nikhil,HS 610,,,,,
408,181101043,Nikhil,HS 518,,,,,
409,181101044,Nikhil,HS 610,,,,,
410,205200250,Abhijeet Singh ,HS 411,HS 645,HS 491-II,,,
411,205200251,Abhijeet Singh ,HS 411,HS 645,,,,
412,205200252,Abhijeet Singh ,HS 411,HS 645,HS 515,,,
413,205200253,Abhijeet Singh ,HS 411,HS 645,,,,
414,205200254,Abhijeet Singh ,HS 411,HS 645,HS 491-II,,,
415,191101060,Gaurav Viramgami,HS 211,,,,,
416,191101061,Gaurav Viramgami,HS 211,,,,,
417,191101062,Gaurav Viramgami,HS 610,,,,,
418,191101063,Gaurav Viramgami,HS 211,,,,,
419,191101064,Gaurav Viramgami,HS 211,,,,,
420,205700060,Niyati Shah,HS 425,,,,,
421,205700061,Niyati Shah,HS 425,,,,,
422,205700062,Niyati Shah,HS 425,,,,,
423,205700063,Niyati Shah,HS 425,,,,,
424,205700064,Niyati Shah,HS 425,,,,,
425,191101250,Nikharv Shah,MS 492,,,,,
426,191101251,Nikharv Shah,MS 492,,,,,
427,191101252,Nikharv Shah,MS 492,,,,,
428,191101253,Nikharv Shah,MS 492,,,,,
429,191101254,Nikharv Shah,MS 492,,,,,
430,181101880,Viraj,MS 491-I,,,,,
431,181101881,Viraj,MS 491-I,,,,,
432,181101882,Viraj,MS 492,,,,,
433,181101883,Viraj,MS 492,,,,,
434,181101884,Viraj,MS 491-I,,,,,
435,181100340,Bhanu Pratap Singh,HS 223,HS 510,,,,
436,181100341,Bhanu Pratap Singh,HS 223,HS 645,,,,
437,181100342,Bhanu Pratap Singh,HS 104,HS 519,,,,
438,181100343,Bhanu Pratap Singh,HS 691-II,HS 491-I,,,,
439,181100344,Bhanu Pratap Singh,HS 518,HS 519,,,,
440,181100360,Bhavesh Kumar Solanki,HS 223,HS 507,,,,
441,181100361,Bhavesh Kumar Solanki,HS 223,HS 645,,,,
442,181100362,Bhavesh Kumar Solanki,HS 223,HS 327,,,,
443,181100363,Bhavesh Kumar Solanki,HS 223,IN 304,,,,
444,181100364,Bhavesh Kumar Solanki,HS 223,HS 411,,,,
445,191101700,Siddhi Surawar,HS 512,HS 491-I,,,,
446,191101701,Siddhi Surawar,HS 512,HS 507,,,,
447,191101702,Siddhi Surawar,HS 512,HS 510,,,,
448,191101703,Siddhi Surawar,HS 512,HS 411,,,,
449,191101704,Siddhi Surawar,HS 512,HS 518,,,,
450,202100080,Rajnandan Borthakur,HS 645,,,,,
451,202100081,Rajnandan Borthakur,HS 645,,,,,
452,202100082,Rajnandan Borthakur,HS 645,,,,,
453,202100083,Rajnandan Borthakur,HS 645,,,,,
454,202100084,Rajnandan Borthakur,HS 645,,,,,
455,181101380,Reddy Venkata Neeraj Kumar,HS 425,IN 304,,,,
456,181101381,Reddy Venkata Neeraj Kumar,HS 425,IN 304,,,,
457,181101382,Reddy Venkata Neeraj Kumar,HS 425,IN 304,,,,
458,181101383,Reddy Venkata Neeraj Kumar,HS 425,IN 304,,,,
459,181101384,Reddy Venkata Neeraj Kumar,HS 425,IN 304,,,,
460,205100870,Ashwin kharat,HS 305,,,,,
461,205100871,Ashwin kharat,HS 305,,,,,
462,205100872,Ashwin kharat,HS 305,,,,,
463,205100873,Ashwin kharat,HS 305,,,,,
464,205100874,Ashwin kharat,HS 305,,,,,
465,205100080,Devangshu Nandi,HS 518,,,,,
466,205100081,Devangshu Nandi,HS 518,,,,,
467,205100082,Devangshu Nandi,HS 518,,,,,
468,205100083,Devangshu Nandi,HS 518,,,,,
469,205100084,Devangshu Nandi,HS 518,,,,,
470,191101600,Pratham Panchal,HS 411,,,,,
471,191101601,Pratham Panchal,HS 411,,,,,
472,191101602,Pratham Panchal,HS 411,,,,,
473,191101603,Pratham Panchal,HS 411,,,,,
474,191101604,Pratham Panchal,HS 411,,,,,
475,195100280,Nikita Anil Kumar,HS 519,,,,,
476,195100281,Nikita Anil Kumar,HS 519,,,,,
477,195100282,Nikita Anil Kumar,HS 519,,,,,
478,195100283,Nikita Anil Kumar,HS 519,,,,,
479,195100284,Nikita Anil Kumar,HS 519,,,,,
480,195100240,Caren Felicia,MS 491-I,,,,,
481,195100241,Caren Felicia,HS 691-I,,,,,
482,195100242,Caren Felicia,MS 491-I,,,,,
483,195100243,Caren Felicia,MS 491-I,,,,,
484,195100244,Caren Felicia,MS 491-I,,,,,
485,181101470,S Ganesh,MS 491-I,,,,,
486,181101471,S Ganesh,MS 491-I,,,,,
487,181101472,S Ganesh,MS 491-I,,,,,
488,181101473,S Ganesh,MS 491-I,,,,,
489,181101474,S Ganesh,MS 491-I,,,,,
490,195200160,Joita Das,HS 691-I,HS 645,,,,
491,195200161,Joita Das,HS 691-I,HS 645,,,,
492,195200162,Joita Das,HS 691-I,HS 645,,,,
493,195200163,Joita Das,HS 691-I,HS 645,,,,
494,195200164,Joita Das,HS 691-I,HS 645,HS 515,,,
495,202500340,Abishek Sarkar,HS 512,,,,,
496,202500341,Abishek Sarkar,HS 512,,,,,
497,202500342,Abishek Sarkar,HS 512,,,,,
498,202500343,Abishek Sarkar,HS 512,,,,,
499,202500344,Abishek Sarkar,HS 512,,,,,
500,181101090,Nitin Kumar Gupta,MS 491,,,,,
501,181101091,Nitin Kumar Gupta,MS 491,,,,,
502,181101092,Nitin Kumar Gupta,MS 491,,,,,
503,181101093,Nitin Kumar Gupta,MS 491,,,,,
504,181101094,Nitin Kumar Gupta,MS 491,,,,,
505,202500290,Abhijit Chhotray ,HS 108,,,,,
506,202500291,Abhijit Chhotray ,HS 691-I,,,,,
507,202500292,Abhijit Chhotray ,HS 108,,,,,
508,202500293,Abhijit Chhotray ,HS 108,,,,,
509,202500294,Abhijit Chhotray ,HS 108,,,,,
510,181101830,Vaishnavi Kokadwar,HS 691-II,HS 519,,,,
511,181101831,Vaishnavi Kokadwar,HS 391,HS 491-I,,,,
512,181101832,Vaishnavi Kokadwar,HS 391,HS 491-III,,,,
513,181101833,Vaishnavi Kokadwar,HS 391,HS 507,,,,
514,181101834,Vaishnavi Kokadwar,HS 691-I,IN 304,,,,
515,181101080,Nishikant Parmar,HS 104,HS 507,,,,
516,181101081,Nishikant Parmar,HS 111,HS 491-III,,,,
517,181101082,Nishikant Parmar,HS 691-I,HS 518,,,,
518,181101083,Nishikant Parmar,HS 104,HS 507,,,,
519,181101084,Nishikant Parmar,HS 111,HS 510,,,,
520,171101550,Solanki Soham Pratik,HS 391,,,,,
521,171101551,Solanki Soham Pratik,HS 391,MS 491,,,,
522,171101552,Solanki Soham Pratik,HS 391,,,,,
523,171101553,Solanki Soham Pratik,HS 391,MS 491,,,,
524,171101554,Solanki Soham Pratik,HS 391,,,,,
525,181100160,Amey Kulkarni,HS 305,,,,,
526,181100161,Amey Kulkarni,HS 305,,,,,
527,181100162,Amey Kulkarni,HS 305,,,,,
528,181100163,Amey Kulkarni,HS 305,,,,,
529,181100164,Amey Kulkarni,HS 305,,,,,
530,205200020,Angel Maria Varghese,HS 491-III,HS 507,,,,
531,205200021,Angel Maria Varghese,HS 491-III,HS 507,,,,
532,205200022,Angel Maria Varghese,HS 491-III,HS 507,,,,
533,205200023,Angel Maria Varghese,HS 491-III,HS 507,,,,
534,205200024,Angel Maria Varghese,HS 491-III,HS 507,,,,
535,181101110,Srujan Pandya ,HS 610,HS 519,,,,
536,181101111,Srujan Pandya ,MS 403,HS 327,,,,
537,181101112,Srujan Pandya ,HS 518,HS 519,,,,
538,181101113,Srujan Pandya ,HS 108,HS 512,,,,
539,181101114,Srujan Pandya ,HS 108,IN 304,,,,
540,181100370,Bhavya Gupta,MS 491,HS 507,,,,
541,181100371,Bhavya Gupta,MS 491,HS 491-I,,,,
542,181100372,Bhavya Gupta,MS 491,HS 645,,,,
543,181100373,Bhavya Gupta,MS 491,HS 645,,,,
544,181100374,Bhavya Gupta,MS 491,HS 519,,,,
545,181101340,Rachit Shrimal,HS 111,IN 304,,,,
546,181101341,Rachit Shrimal,HS 111,HS 518,,,,
547,181101342,Rachit Shrimal,MS 491,HS 507,,,,
548,181101343,Rachit Shrimal,MS 491-I,MS 491,,,,
549,181101344,Rachit Shrimal,HS 111,MS 491,,,,
550,181100810,Kamlesh Sawadekar,MS 491,,,,,
551,181100811,Kamlesh Sawadekar,MS 491,,,,,
552,181100812,Kamlesh Sawadekar,MS 491,,,,,
553,181100813,Kamlesh Sawadekar,MS 491,,,,,
554,181100814,Kamlesh Sawadekar,MS 491,,,,,
555,191101670,Soham Shirodkar,HS 223,HS 327,,,,
556,191101671,Soham Shirodkar,HS 223,IN 304,,,,
557,191101672,Soham Shirodkar,HS 223,HS 512,,,,
558,191101673,Soham Shirodkar,HS 223,HS 491-I,,,,
559,191101674,Soham Shirodkar,HS 223,HS 507,,,,
560,191101500,Chaitanya Guntoorkar,HS 645,,,,,
561,191101501,Chaitanya Guntoorkar,HS 645,,,,,
562,191101502,Chaitanya Guntoorkar,HS 645,,,,,
563,191101503,Chaitanya Guntoorkar,HS 645,,,,,
564,191101504,Chaitanya Guntoorkar,HS 645,,,,,
565,205200260,Anjali Singh ,HS 391,HS 491-II,,,,
566,205200261,Anjali Singh ,HS 391,HS 491-II,,,,
567,205200262,Anjali Singh ,HS 391,HS 491-II,,,,
568,205200263,Anjali Singh ,HS 391,HS 491-II,,,,
569,205200264,Anjali Singh ,HS 391,HS 491-II,,,,
570,181100320,Sakshi Baheti,HS 108,HS 507,,,,
571,181100321,Sakshi Baheti,MS 492,HS 518,,,,
572,181100322,Sakshi Baheti,HS 108,MS 492,,,,
573,181100323,Sakshi Baheti,MS 492,MS 491,,,,
574,181100324,Sakshi Baheti,HS 108,HS 512,,,,
575,205100170,Simran,HS 507,HS 518,HS 515,,,
576,205100171,Simran,HS 507,HS 518,HS 515,,,
577,205100172,Simran,HS 507,HS 518,HS 515,,,
578,205100173,Simran,HS 507,HS 518,HS 515,,,
579,205100174,Simran,HS 507,HS 518,HS 515,,,
580,202500410,Sanjit Dutta,HS 691-I,,,,,
581,202500411,Sanjit Dutta,MS 491-I,,,,,
582,202500412,Sanjit Dutta,MS 491-I,,,,,
583,202500413,Sanjit Dutta,HS 691-I,,,,,
584,202500414,Sanjit Dutta,MS 491-I,,,,,
585,205100990,Mohit Kumar,HS 211,,,,,
586,205100991,Mohit Kumar,HS 305,,,,,
587,205100992,Mohit Kumar,HS 305,,,,,
588,205100993,Mohit Kumar,HS 211,,,,,
589,205100994,Mohit Kumar,HS 211,,,,,
590,191100670,Snehal Gohad,MS 304,HS 491-III,,,,
591,191100671,Snehal Gohad,MS 304,HS 491-III,,,,
592,191100672,Snehal Gohad,MS 304,HS 491-III,,,,
593,191100673,Snehal Gohad,MS 304,HS 491-III,,,,
594,191100674,Snehal Gohad,MS 304,HS 491-III,,,,
595,181100430,Darren R,HS 510,,,,,
596,181100431,Darren R,HS 510,,,,,
597,181100432,Darren R,HS 510,,,,,
598,181100433,Darren R,HS 510,,,,,
599,181100434,Darren R,HS 510,,,,,
600,191100460,Dhvani Manish Shah,MS 403,HS 512,,,,
601,191100461,Dhvani Manish Shah,MS 403,HS 491-III,,,,
602,191100462,Dhvani Manish Shah,MS 403,MS 492,,,,
603,191100463,Dhvani Manish Shah,MS 403,HS 510,,,,
604,191100464,Dhvani Manish Shah,MS 403,HS 512,,,,
605,205200170,Sagar Devanoorkar,HS 515,HS 507,HS 491-II,,,
606,205200171,Sagar Devanoorkar,HS 515,HS 507,HS 491-II,,,
607,205200172,Sagar Devanoorkar,HS 515,HS 507,HS 491-II,,,
608,205200173,Sagar Devanoorkar,HS 515,HS 507,,,,
609,205200174,Sagar Devanoorkar,HS 515,HS 507,HS 491-II,,,
610,195100250,Kratika Mujmer,HS 691-III,,,,,
611,195100251,Kratika Mujmer,HS 691-III,,,,,
612,195100252,Kratika Mujmer,HS 691-III,,,,,
613,195100253,Kratika Mujmer,HS 691-III,,,,,
614,195100254,Kratika Mujmer,HS 691-III,,,,,
615,171100660,Prudhvi Kakumani,HS 507,,,,,
616,171100661,Prudhvi Kakumani,HS 104,,,,,
617,171100662,Prudhvi Kakumani,HS 104,,,,,
618,171100663,Prudhvi Kakumani,HS 104,,,,,
619,171100664,Prudhvi Kakumani,HS 691-I,,,,,
620,171100780,Mohit,MS 304,,,,,
621,171100781,Mohit,MS 304,,,,,
622,171100782,Mohit,MS 304,,,,,
623,171100783,Mohit,MS 304,,,,,
624,171100784,Mohit,MS 304,,,,,
625,181101010,R Mithun,HS 211,,,,,
626,181101011,R Mithun,HS 211,,,,,
627,181101012,R Mithun,HS 211,,,,,
628,181101013,R Mithun,HS 211,,,,,
629,181101014,R Mithun,HS 211,,,,,
630,205700050,Dhruvi Patel,HS 305,HS 327,,,,
631,205700051,Dhruvi Patel,HS 104,HS 645,,,,
632,205700052,Dhruvi Patel,HS 305,HS 491-II,,,,
633,205700053,Dhruvi Patel,HS 305,HS 512,,,,
634,205700054,Dhruvi Patel,HS 104,HS 305,,,,
635,161101680,Aditya Tare,HS 515,,,,,
636,161101681,Aditya Tare,HS 515,,,,,
637,161101682,Aditya Tare,HS 515,,,,,
638,161101683,Aditya Tare,HS 515,,,,,
639,161101684,Aditya Tare,HS 515,,,,,
640,191102080,Sourav Yadav,HS 645,HS 512,,,,
641,191102081,Sourav Yadav,HS 645,HS 512,,,,
642,191102082,Sourav Yadav,HS 645,HS 512,HS 515,,,
643,191102083,Sourav Yadav,HS 645,HS 512,HS 515,,,
644,191102084,Sourav Yadav,HS 645,HS 512,,,,
645,205200060,Drashna Kumar,HS 519,HS 518,,,,
646,205200061,Drashna Kumar,HS 519,HS 518,,,,
647,205200062,Drashna Kumar,HS 519,HS 518,HS 491-II,,,
648,205200063,Drashna Kumar,HS 519,HS 518,HS 491-II,,,
649,205200064,Drashna Kumar,HS 519,HS 518,,,,
650,191101110,Anurag,HS 211,,,,,
651,191101111,Anurag,MS 403,,,,,
652,191101112,Anurag,HS 211,,,,,
653,191101113,Anurag,HS 211,,,,,
654,191101114,Anurag,HS 211,,,,,
655,181100970,Maddela Siddarth,HS 313,,,,,
656,181100971,Maddela Siddarth,HS 313,,,,,
657,181100972,Maddela Siddarth,HS 313,,,,,
658,181100973,Maddela Siddarth,HS 313,,,,,
659,181100974,Maddela Siddarth,HS 313,,,,,
660,191101950,Preet Shah,HS 305,HS 491-I,,,,
661,191101951,Preet Shah,HS 305,HS 645,,,,
662,191101952,Preet Shah,HS 305,HS 491-III,,,,
663,191101953,Preet Shah,HS 305,HS 510,,,,
664,191101954,Preet Shah,HS 305,HS 327,,,,
665,202100100,omkar,HS 512,HS 411,,,,
666,202100101,omkar,HS 512,HS 411,,,,
667,202100102,omkar,HS 512,HS 411,,,,
668,202100103,omkar,HS 512,HS 411,,,,
669,202100104,omkar,HS 512,HS 411,,,,
670,202500100,Ekta Jaiswal,HS 425,,,,,
671,202500101,Ekta Jaiswal,HS 425,,,,,
672,202500102,Ekta Jaiswal,HS 425,,,,,
673,202500103,Ekta Jaiswal,HS 425,,,,,
674,202500104,Ekta Jaiswal,HS 425,,,,,
675,202100030,Bazela Manzoor,HS 112,,,,,
676,202100031,Bazela Manzoor,HS 305,,,,,
677,202100032,Bazela Manzoor,HS 305,,,,,
678,202100033,Bazela Manzoor,HS 111,,,,,
679,202100034,Bazela Manzoor,HS 111,,,,,
680,202500110,Hiral Rajendrabhai Luhar,HS 411,,,,,
681,202500111,Hiral Rajendrabhai Luhar,HS 112,,,,,
682,202500112,Hiral Rajendrabhai Luhar,HS 411,,,,,
683,202500113,Hiral Rajendrabhai Luhar,HS 411,,,,,
684,202500114,Hiral Rajendrabhai Luhar,HS 411,,,,,
685,202500120,MD NAYIM SIDDIQUI,HS 411,,,,,
686,202500121,MD NAYIM SIDDIQUI,HS 111,,,,,
687,202500122,MD NAYIM SIDDIQUI,HS 111,,,,,
688,202500123,MD NAYIM SIDDIQUI,HS 111,,,,,
689,202500124,MD NAYIM SIDDIQUI,HS 411,,,,,
690,202500080,ADITI AGARWAL,HS 491-III,,,,,
691,202500081,ADITI AGARWAL,HS 112,,,,,
692,202500082,ADITI AGARWAL,HS 491-III,,,,,
693,202500083,ADITI AGARWAL,HS 491-III,,,,,
694,202500084,ADITI AGARWAL,HS 491-III,,,,,
695,192100260,Meketaye  Endeshaw,HS 425,,,,,
696,192100261,Meketaye  Endeshaw,HS 425,,,,,
697,192100262,Meketaye  Endeshaw,HS 425,,,,,
698,192100263,Meketaye  Endeshaw,HS 425,,,,,
699,192100264,Meketaye  Endeshaw,HS 425,,,,,
700,205100010,Aadishree Dixit,HS 519,,,,,
701,205100011,Aadishree Dixit,HS 519,,,,,
702,205100012,Aadishree Dixit,HS 519,,,,,
703,205100013,Aadishree Dixit,HS 519,,,,,
704,205100014,Aadishree Dixit,HS 519,,,,,
705,202500420,SUNILKUMAR TURPATI,HS 104,,,,,
706,202500421,SUNILKUMAR TURPATI,HS 104,,,,,
707,202500422,SUNILKUMAR TURPATI,HS 104,,,,,
708,202500423,SUNILKUMAR TURPATI,HS 104,,,,,
709,202500424,SUNILKUMAR TURPATI,HS 518,,,,,
710,202500360,Ganeshkumar V,HS 691-II,,,,,
711,202500361,Ganeshkumar V,HS 691-II,,,,,
712,202500362,Ganeshkumar V,HS 691-II,,,,,
713,202500363,Ganeshkumar V,HS 691-II,,,,,
714,202500364,Ganeshkumar V,HS 691-II,,,,,
715,181101140,Neel Patel,MS 491-I,,,,,
716,181101141,Neel Patel,HS 610,,,,,
717,181101142,Neel Patel,MS 491-I,,,,,
718,181101143,Neel Patel,HS 691-II,,,,,
719,181101144,Neel Patel,MS 491-I,,,,,
720,181100440,Dave Hari Manish,HS 491-I,,,,,
721,181100441,Dave Hari Manish,HS 491-I,,,,,
722,181100442,Dave Hari Manish,HS 491-I,,,,,
723,181100443,Dave Hari Manish,HS 491-I,,,,,
724,181100444,Dave Hari Manish,HS 491-I,,,,,
725,191100930,Manas Mulpuri,HS 691-II,,,,,
726,191100931,Manas Mulpuri,HS 691-II,,,,,
727,191100932,Manas Mulpuri,HS 691-II,,,,,
728,191100933,Manas Mulpuri,HS 691-II,,,,,
729,191100934,Manas Mulpuri,HS 691-II,,,,,
730,181100520,Dishank Goel,HS 491-I,,,,,
731,181100521,Dishank Goel,HS 491-I,,,,,
732,181100522,Dishank Goel,HS 491-I,,,,,
733,181100523,Dishank Goel,HS 491-I,,,,,
734,181100524,Dishank Goel,HS 491-I,,,,,
735,205100610,Jitendra kumar,HS 691-II,,,,,
736,205100611,Jitendra kumar,HS 691-II,,,,,
737,205100612,Jitendra kumar,HS 610,,,,,
738,205100613,Jitendra kumar,HS 112,,,,,
739,205100614,Jitendra kumar,HS 691-I,,,,,
740,202500320,Keerthy V,HS 425,,,,,
741,202500321,Keerthy V,HS 108,,,,,
742,202500322,Keerthy V,HS 425,,,,,
743,202500323,Keerthy V,HS 425,,,,,
744,202500324,Keerthy V,HS 425,,,,,
745,205100480,Abhishek Thakur,HS 610,,,,,
746,205100481,Abhishek Thakur,HS 610,,,,,
747,205100482,Abhishek Thakur,HS 691-II,,,,,
748,205100483,Abhishek Thakur,HS 112,,,,,
749,205100484,Abhishek Thakur,HS 112,,,,,
750,202500170,Aarchi Agrawal,HS 491-II,,,,,
751,202500171,Aarchi Agrawal,HS 491-II,,,,,
752,202500172,Aarchi Agrawal,HS 491-II,,,,,
753,202500173,Aarchi Agrawal,HS 491-II,,,,,
754,202500174,Aarchi Agrawal,HS 491-II,,,,,
755,191101940,Ishan Prayagi,HS 223,,,,,
756,191101941,Ishan Prayagi,HS 223,,,,,
757,191101942,Ishan Prayagi,HS 223,,,,,
758,191101943,Ishan Prayagi,HS 223,,,,,
759,191101944,Ishan Prayagi,HS 223,,,,,
760,205100820,Yash Rathore,HS 610,,,,,
761,205100821,Yash Rathore,HS 610,,,,,
762,205100822,Yash Rathore,HS 610,,,,,
763,205100823,Yash Rathore,HS 112,,,,,
764,205100824,Yash Rathore,HS 691-I,,,,,
765,205100590,Gaurav Bhardwaj,HS 112,,,,,
766,205100591,Gaurav Bhardwaj,HS 691-I,,,,,
767,205100592,Gaurav Bhardwaj,HS 610,,,,,
768,205100593,Gaurav Bhardwaj,HS 112,,,,,
769,205100594,Gaurav Bhardwaj,HS 610,,,,,
770,181101920,Yash Meshram,HS 491-I,HS 491-III,,,,
771,181101921,Yash Meshram,HS 491-I,HS 491-III,HS 515,,,
772,181101922,Yash Meshram,HS 491-I,HS 491-III,HS 491-II,,,
773,181101923,Yash Meshram,HS 491-I,HS 491-III,HS 491-II,,,
774,181101924,Yash Meshram,HS 491-I,HS 491-III,,,,
775,191101860,Harsh Mandalia,HS 510,,,,,
776,191101861,Harsh Mandalia,HS 510,,,,,
777,191101862,Harsh Mandalia,HS 510,,,,,
778,191101863,Harsh Mandalia,HS 510,,,,,
779,191101864,Harsh Mandalia,HS 510,,,,,
780,205100760,Sitaram,HS 518,,,,,
781,205100761,Sitaram,HS 610,,,,,
782,205100762,Sitaram,HS 518,,,,,
783,205100763,Sitaram,HS 112,,,,,
784,205100764,Sitaram,HS 518,,,,,
785,205100540,Bharti Mangal,HS 111,,,,,
786,205100541,Bharti Mangal,HS 111,,,,,
787,205100542,Bharti Mangal,HS 111,,,,,
788,205100543,Bharti Mangal,HS 111,,,,,
789,205100544,Bharti Mangal,HS 111,,,,,
790,205100790,vijay kumar regar,HS 112,,,,,
791,205100791,vijay kumar regar,HS 691-I,,,,,
792,205100792,vijay kumar regar,HS 691-II,,,,,
793,205100793,vijay kumar regar,HS 691-I,,,,,
794,205100794,vijay kumar regar,HS 112,,,,,
795,205100680,PABITRA MANDAL,MS 403,,,,,
796,205100681,PABITRA MANDAL,HS 691-I,,,,,
797,205100682,PABITRA MANDAL,HS 610,,,,,
798,205100683,PABITRA MANDAL,HS 691-I,,,,,
799,205100684,PABITRA MANDAL,HS 112,,,,,
800,205100510,Asmita Kushwaha,HS 111,HS 512,HS 515,,,
801,205100511,Asmita Kushwaha,HS 691-I,HS 510,,,,
802,205100512,Asmita Kushwaha,HS 104,HS 645,HS 515,,,
803,205100513,Asmita Kushwaha,HS 104,IN 304,,,,
804,205100514,Asmita Kushwaha,HS 104,HS 507,,,,
805,205100600,GAURAV PAL,MS 304,,,,,
806,205100601,GAURAV PAL,HS 691-I,,,,,
807,205100602,GAURAV PAL,HS 691-I,,,,,
808,205100603,GAURAV PAL,HS 691-I,,,,,
809,205100604,GAURAV PAL,HS 112,,,,,
810,205100520,Ayushi Mittal,HS 112,,,,,
811,205100521,Ayushi Mittal,HS 112,,,,,
812,205100522,Ayushi Mittal,MS 403,,,,,
813,205100523,Ayushi Mittal,HS 610,,,,,
814,205100524,Ayushi Mittal,HS 691-I,,,,,
815,205100630,Vartika Mathur,HS 112,,,,,
816,205100631,Vartika Mathur,HS 610,,,,,
817,205100632,Vartika Mathur,HS 112,,,,,
818,205100633,Vartika Mathur,HS 610,,,,,
819,205100634,Vartika Mathur,HS 518,,,,,
820,191100330,Sresth Tosniwal,MS 403,MS 492,HS 491-II,,,
821,191100331,Sresth Tosniwal,MS 403,HS 491-III,,,,
822,191100332,Sresth Tosniwal,MS 403,MS 492,HS 491-II,,,
823,191100333,Sresth Tosniwal,MS 403,HS 327,,,,
824,191100334,Sresth Tosniwal,MS 403,HS 411,,,,
825,181101410,Robin Kumar,MS 492,,,,,
826,181101411,Robin Kumar,MS 492,,,,,
827,181101412,Robin Kumar,MS 492,,,,,
828,181101413,Robin Kumar,MS 492,,,,,
829,181101414,Robin Kumar,MS 492,,,,,
830,205100500,Anita,HS 112,,,,,
831,205100501,Anita,HS 610,,,,,
832,205100502,Anita,HS 112,,,,,
833,205100503,Anita,HS 112,,,,,
834,205100504,Anita,HS 112,,,,,
835,205100620,Kashish Taneja,HS 112,,,,,
836,205100621,Kashish Taneja,HS 610,,,,,
837,205100622,Kashish Taneja,HS 610,,,,,
838,205100623,Kashish Taneja,HS 112,,,,,
839,205100624,Kashish Taneja,HS 610,,,,,
840,191100230,PIYUSH JAGARWAL,HS 223,,,,,
841,191100231,PIYUSH JAGARWAL,HS 610,,,,,
842,191100232,PIYUSH JAGARWAL,MS 304,,,,,
843,191100233,PIYUSH JAGARWAL,HS 691-II,,,,,
844,191100234,PIYUSH JAGARWAL,HS 223,,,,,
845,205100670,Neelam Painuly,HS 610,,,,,
846,205100671,Neelam Painuly,HS 112,,,,,
847,205100672,Neelam Painuly,HS 691-I,,,,,
848,205100673,Neelam Painuly,HS 691-I,,,,,
849,205100674,Neelam Painuly,HS 112,,,,,
850,191100370,AAKASH MEENA,HS 223,,,,,
851,191100371,AAKASH MEENA,HS 223,,,,,
852,191100372,AAKASH MEENA,HS 223,,,,,
853,191100373,AAKASH MEENA,HS 223,,,,,
854,191100374,AAKASH MEENA,HS 223,,,,,
855,191100390,Akash meena,HS 223,,,,,
856,191100391,Akash meena,HS 223,,,,,
857,191100392,Akash meena,HS 223,,,,,
858,191100393,Akash meena,HS 223,,,,,
859,191100394,Akash meena,HS 223,,,,,
860,181101890,Vishal Bamania,IN 304,HS 645,,,,
861,181101891,Vishal Bamania,HS 391,IN 304,,,,
862,181101892,Vishal Bamania,HS 391,IN 304,,,,
863,181101893,Vishal Bamania,HS 391,IN 304,,,,
864,181101894,Vishal Bamania,HS 391,IN 304,,,,
865,181100330,Bhanu Jarwal,HS 391,IN 304,,,,
866,181100331,Bhanu Jarwal,HS 391,IN 304,,,,
867,181100332,Bhanu Jarwal,HS 391,IN 304,,,,
868,181100333,Bhanu Jarwal,HS 391,IN 304,,,,
869,181100334,Bhanu Jarwal,HS 391,IN 304,,,,
870,205100640,Lokesh Sharma,HS 108,,,,,
871,205100641,Lokesh Sharma,MS 304,,,,,
872,205100642,Lokesh Sharma,HS 108,,,,,
873,205100643,Lokesh Sharma,HS 610,,,,,
874,205100644,Lokesh Sharma,HS 691-I,,,,,
875,202500150,USHMA GARG,HS 491-III,,,,,
876,202500151,USHMA GARG,HS 112,,,,,
877,202500152,USHMA GARG,HS 491-III,,,,,
878,202500153,USHMA GARG,HS 491-III,,,,,
879,202500154,USHMA GARG,HS 491-III,,,,,
880,205200030,anisha mohanty ,HS 515,HS 491-I,,,,
881,205200031,anisha mohanty ,HS 515,HS 491-I,,,,
882,205200032,anisha mohanty ,HS 515,HS 491-I,,,,
883,205200033,anisha mohanty ,HS 515,HS 491-I,,,,
884,205200034,anisha mohanty ,HS 515,HS 491-I,,,,
885,181100510,Dhruvin Patel,HS 313,HS 691-III,,,,
886,181100511,Dhruvin Patel,HS 313,HS 691-III,,,,
887,181100512,Dhruvin Patel,HS 313,HS 691-III,,,,
888,181100513,Dhruvin Patel,HS 313,HS 691-III,,,,
889,181100514,Dhruvin Patel,HS 313,HS 691-III,,,,
890,205100660,Mukesh Gupta,HS 610,,,,,
891,205100661,Mukesh Gupta,HS 112,,,,,
892,205100662,Mukesh Gupta,HS 691-I,,,,,
893,205100663,Mukesh Gupta,HS 691-II,,,,,
894,205100664,Mukesh Gupta,HS 691-I,,,,,
895,205100580,Dinesh Kumar Sharma,HS 518,,,,,
896,205100581,Dinesh Kumar Sharma,HS 112,,,,,
897,205100582,Dinesh Kumar Sharma,HS 112,,,,,
898,205100583,Dinesh Kumar Sharma,HS 112,,,,,
899,205100584,Dinesh Kumar Sharma,HS 691-II,,,,,
